primaryAC,up_regulated
A0AVT1,0
A0FGR8,0
A0MZ66,0
A1L0T0,0
A5YKK6,0
A6NHL2,0
A6NHR9,0
A8K2U0,0
O00116,0
O00151,0
O00154,0
O00159,0
O00160,0
O00170,0
O00178,0
O00186,0
O00194,0
O00203,0
O00231,0
O00232,0
O00233,0
O00264,0
O00267,0
O00291,0
O00299,0
O00303,0
O00391,0
O00410,0
O00429,0
O00443,0
O00468,0
O00469,0
O00471,0
O00483,0
O00560,0
O00571,0
O00592,0
O00625,0
O00754,0
O00764,0
O14529,0
O14579,1
O14617,0
O14618,0
O14735,0
O14737,0
O14744,0
O14745,0
O14773,0
O14776,0
O14787,0
O14818,0
O14828,0
O14880,0
O14896,0
O14908,0
O14920,0
O14929,0
O14936,0
O14964,0
O14979,0
O14980,0
O14981,0
O15020,0
O15066,0
O15067,0
O15084,0
O15117,0
O15118,0
O15127,0
O15143,0
O15144,0
O15145,0
O15173,1
O15212,0
O15247,0
O15258,0
O15270,0
O15294,0
O15305,0
O15355,0
O15371,0
O15372,0
O15400,0
O15460,0
O15498,0
O15511,0
O15540,1
O43143,0
O43172,0
O43175,0
O43237,0
O43242,0
O43252,0
O43264,0
O43290,0
O43324,0
O43390,0
O43396,0
O43399,1
O43432,0
O43488,0
O43491,1
O43592,0
O43598,0
O43615,0
O43617,0
O43678,0
O43681,0
O43684,0
O43707,0
O43719,0
O43747,0
O43760,0
O43765,0
O43776,0
O43795,0
O43809,0
O43847,0
O43852,1
O43924,0
O60231,0
O60264,0
O60271,0
O60282,0
O60306,0
O60308,0
O60313,0
O60341,0
O60343,0
O60437,0
O60486,0
O60488,0
O60493,0
O60502,0
O60506,0
O60524,0
O60547,0
O60568,0
O60610,0
O60645,0
O60664,0
O60701,0
O60749,0
O60762,0
O60763,0
O60784,0
O60812,0
O60826,0
O60841,1
O60884,0
O75027,0
O75044,0
O75083,0
O75116,1
O75131,0
O75150,0
O75153,0
O75165,0
O75223,0
O75323,0
O75340,0
O75347,0
O75348,0
O75351,0
O75368,0
O75369,0
O75390,0
O75439,0
O75487,0
O75489,0
O75533,0
O75534,0
O75569,0
O75592,0
O75608,0
O75643,0
O75694,0
O75746,0
O75828,0
O75874,0
O75915,0
O75937,0
O75947,1
O75955,0
O75964,0
O76003,0
O76041,0
O76094,0
O94760,0
O94776,0
O94804,0
O94822,0
O94832,0
O94855,0
O94874,0
O94903,0
O94919,0
O94925,0
O94973,0
O94979,0
O95163,0
O95202,0
O95292,0
O95295,0
O95302,0
O95336,0
O95340,0
O95347,0
O95352,0
O95373,0
O95394,0
O95433,0
O95456,0
O95479,0
O95486,0
O95573,1
O95716,0
O95747,0
O95757,0
O95782,0
O95786,0
O95793,0
O95831,0
O95861,0
O95865,0
O95881,0
O95989,0
O95994,0
O96008,0
O96011,0
O96019,0
P00167,0
P00338,1
P00352,1
P00367,0
P00387,0
P00390,0
P00441,0
P00491,0
P00492,0
P00505,0
P00533,0
P00558,0
P00568,0
P00734,0
P00736,0
P00739,0
P00751,0
P00915,0
P00918,0
P00966,0
P01008,0
P01009,0
P01011,0
P01019,0
P01023,0
P01024,0
P01031,0
P01034,0
P01042,0
P01591,0
P01833,0
P01889,0
P01903,0
P01909,0
P01912,0
P02144,0
P02452,0
P02461,0
P02533,0
P02545,0
P02647,0
P02649,0
P02671,0
P02675,0
P02679,0
P02746,1
P02751,0
P02766,0
P02768,0
P02774,0
P02786,1
P02787,0
P02788,0
P02792,1
P02794,0
P03956,0
P04004,0
P04040,0
P04066,0
P04075,0
P04083,1
P04114,0
P04179,1
P04181,0
P04196,0
P04216,0
P04217,0
P04259,0
P04350,0
P04406,0
P04632,0
P04843,0
P04844,1
P04899,0
P04908,0
P05023,0
P05067,0
P05091,0
P05107,0
P05109,1
P05141,0
P05155,0
P05161,0
P05164,0
P05186,0
P05198,0
P05362,0
P05387,0
P05388,0
P05413,0
P05452,0
P05455,0
P05556,0
P05783,0
P05787,0
P06396,0
P06454,0
P06493,0
P06576,0
P06681,0
P06702,1
P06703,0
P06733,1
P06737,1
P06744,0
P06748,0
P06753,0
P06756,0
P06865,0
P07099,0
P07195,1
P07203,0
P07237,0
P07339,1
P07355,0
P07360,0
P07384,0
P07437,0
P07476,0
P07602,0
P07686,0
P07737,0
P07741,0
P07814,0
P07858,1
P07900,0
P07910,0
P07942,0
P07951,1
P07954,0
P07996,0
P08123,0
P08133,0
P08195,0
P08237,0
P08238,0
P08240,0
P08243,0
P08253,0
P08294,0
P08397,0
P08571,0
P08572,0
P08574,0
P08575,0
P08603,0
P08648,0
P08670,0
P08708,0
P08727,0
P08729,0
P08754,0
P08758,0
P08865,0
P09012,0
P09104,0
P09110,0
P09132,0
P09211,0
P09237,0
P09382,1
P09417,0
P09429,0
P09455,0
P09493,0
P09525,0
P09601,0
P09622,0
P09651,0
P09661,0
P09668,0
P09871,0
P09874,0
P09914,0
P09917,0
P09936,0
P09960,0
P09972,0
P0C0S4,0
P0CG04,0
P0DMV8,0
P0DP23,1
P10155,0
P10253,0
P10301,0
P10515,0
P10586,0
P10599,0
P10606,0
P10619,0
P10620,0
P10643,0
P10644,0
P10768,0
P10809,0
P10909,0
P11021,0
P11047,0
P11117,0
P11142,0
P11166,1
P11172,0
P11177,0
P11182,0
P11216,0
P11233,0
P11279,0
P11387,0
P11388,0
P11413,1
P11498,0
P11586,0
P11717,0
P12004,0
P12035,0
P12081,0
P12109,0
P12110,0
P12111,0
P12235,1
P12268,0
P12270,0
P12277,0
P12429,0
P12814,0
P12821,0
P12931,0
P12955,0
P12956,0
P13010,0
P13073,0
P13473,1
P13489,0
P13611,0
P13639,0
P13647,0
P13667,0
P13671,0
P13674,0
P13693,0
P13796,0
P13797,0
P13798,0
P13804,0
P13807,0
P13861,0
P13928,0
P13987,0
P13995,0
P14174,0
P14314,0
P14317,0
P14324,0
P14550,0
P14618,0
P14625,0
P14678,0
P14735,0
P14866,0
P14868,0
P14923,0
P15121,0
P15144,0
P15153,0
P15311,0
P15374,0
P15880,1
P15924,0
P15941,0
P16070,0
P16144,0
P16152,0
P16278,0
P16401,0
P16403,0
P16435,1
P16615,0
P16885,0
P16930,0
P16949,0
P16989,0
P17050,0
P17174,0
P17301,0
P17655,0
P17812,0
P17844,0
P17858,0
P17900,0
P17931,1
P17980,0
P17987,0
P18031,0
P18084,0
P18085,0
P18124,0
P18206,0
P18428,0
P18440,0
P18621,1
P18669,0
P18754,0
P18827,0
P19012,0
P19013,0
P19105,0
P19174,0
P19338,0
P19367,0
P19388,0
P19525,0
P19623,0
P19827,0
P19971,0
P20020,0
P20042,0
P20073,0
P20292,0
P20338,0
P20339,0
P20340,0
P20585,0
P20591,0
P20618,0
P20645,0
P20700,0
P20701,0
P20702,0
P20774,0
P20810,0
P20908,0
P20930,0
P20933,0
P20936,0
P20962,0
P21266,0
P21281,0
P21291,1
P21333,0
P21399,0
P21589,0
P21796,0
P21810,0
P21912,0
P21980,0
P22059,0
P22061,0
P22090,0
P22102,0
P22234,0
P22307,0
P22314,0
P22352,0
P22413,0
P22626,0
P22695,0
P22897,0
P23141,1
P23142,1
P23219,0
P23229,0
P23246,0
P23258,0
P23284,0
P23297,0
P23368,0
P23381,0
P23396,0
P23526,0
P23528,0
P23588,0
P23634,0
P23786,0
P23919,0
P23921,0
P24534,0
P24539,1
P24666,0
P24752,0
P24821,0
P24844,0
P25205,0
P25311,0
P25325,0
P25391,0
P25685,0
P25705,0
P25774,0
P25786,0
P25787,0
P25788,0
P25789,0
P25815,0
P26038,1
P26196,0
P26368,0
P26373,0
P26447,1
P26583,0
P26599,0
P26639,0
P26640,0
P26641,1
P26885,0
P27105,0
P27144,0
P27338,0
P27348,0
P27482,0
P27635,0
P27694,0
P27695,0
P27708,0
P27797,1
P27816,0
P27824,1
P28062,0
P28065,0
P28066,0
P28070,0
P28072,0
P28074,0
P28288,0
P28331,0
P28340,0
P28676,0
P29144,0
P29218,0
P29350,0
P29373,0
P29401,0
P29508,0
P29590,0
P29692,0
P29728,0
P29762,0
P29966,1
P30038,0
P30040,0
P30041,0
P30042,0
P30043,0
P30044,0
P30046,0
P30048,0
P30049,0
P30084,0
P30085,0
P30086,0
P30101,0
P30153,0
P30443,0
P30519,0
P30520,0
P30566,0
P30622,0
P30626,0
P30740,0
P30837,0
P30838,0
P30876,0
P31040,0
P31146,0
P31150,0
P31151,0
P31153,0
P31323,0
P31689,0
P31749,0
P31930,0
P31937,0
P31939,0
P31942,0
P31943,0
P31944,1
P31946,0
P31947,1
P31948,0
P31949,0
P32119,0
P32322,0
P32455,0
P32456,0
P32926,0
P32969,0
P33121,0
P33176,0
P33241,0
P33316,0
P33991,0
P33992,0
P33993,0
P34741,0
P34897,0
P34932,0
P35052,0
P35080,0
P35221,0
P35222,0
P35232,0
P35237,0
P35241,0
P35244,0
P35268,0
P35270,0
P35442,0
P35520,0
P35555,0
P35573,0
P35579,0
P35580,0
P35606,0
P35611,0
P35613,0
P35637,0
P35659,0
P35749,0
P35754,0
P35914,0
P35998,0
P36404,0
P36405,0
P36507,0
P36542,0
P36543,0
P36551,0
P36578,0
P36639,0
P36776,0
P36871,0
P36952,0
P36955,0
P36957,0
P36969,0
P37108,0
P37235,0
P37268,0
P37802,0
P37837,0
P38159,0
P38606,0
P38646,0
P38919,0
P39019,0
P39023,0
P39059,0
P39060,0
P39656,1
P39687,0
P39748,0
P40121,0
P40222,0
P40227,0
P40261,0
P40616,0
P40763,0
P40925,0
P40926,0
P40937,0
P40939,0
P41091,0
P41219,1
P41223,0
P41226,0
P41240,0
P41250,0
P41252,0
P41567,0
P41743,0
P42025,0
P42126,0
P42166,0
P42224,0
P42338,0
P42345,0
P42356,0
P42566,0
P42574,0
P42704,1
P42765,0
P42766,0
P42858,0
P43034,0
P43121,0
P43243,0
P43246,0
P43304,0
P43307,0
P43487,0
P43490,1
P43686,0
P43897,0
P45880,0
P45974,0
P46060,0
P46063,0
P46087,0
P46109,0
P46379,0
P46459,0
P46776,0
P46777,0
P46778,0
P46781,0
P46782,0
P46783,0
P46821,0
P46926,0
P46939,0
P46940,0
P46977,1
P47712,0
P47755,0
P47756,0
P47897,0
P47989,0
P48047,0
P48147,0
P48163,0
P48444,0
P48449,0
P48506,0
P48507,0
P48556,0
P48637,0
P48643,0
P48651,0
P48735,0
P48739,0
P49189,0
P49207,0
P49257,0
P49321,0
P49327,0
P49368,0
P49411,0
P49419,0
P49454,0
P49588,0
P49589,0
P49591,0
P49720,0
P49721,0
P49736,0
P49748,0
P49755,0
P49773,0
P49792,0
P49902,0
P49903,0
P49915,0
P49916,0
P49959,0
P50213,0
P50395,0
P50416,0
P50453,0
P50454,0
P50502,0
P50552,0
P50570,0
P50583,0
P50851,0
P50895,0
P50897,0
P50914,0
P50990,0
P50991,0
P50995,0
P51114,0
P51148,0
P51149,0
P51151,0
P51153,0
P51159,0
P51398,0
P51452,0
P51531,0
P51532,0
P51571,0
P51572,0
P51580,0
P51648,0
P51659,0
P51665,0
P51784,0
P51809,0
P51858,0
P51888,0
P51991,0
P52209,0
P52272,0
P52292,0
P52294,0
P52306,0
P52434,0
P52565,0
P52566,0
P52594,0
P52597,0
P52630,0
P52701,0
P52732,0
P52758,0
P52789,1
P52815,0
P52888,0
P52907,0
P52943,0
P53004,0
P53007,0
P53396,0
P53597,0
P53618,0
P53621,0
P53680,0
P53992,0
P53999,0
P54105,0
P54136,0
P54577,1
P54578,0
P54652,0
P54725,0
P54727,0
P54753,0
P54760,0
P54819,0
P54886,1
P55010,0
P55011,0
P55036,0
P55058,0
P55060,0
P55072,0
P55084,0
P55145,0
P55160,0
P55196,0
P55209,0
P55212,0
P55265,0
P55327,0
P55786,0
P55809,0
P55884,0
P55957,0
P56134,0
P56192,0
P56385,0
P56537,0
P57088,0
P57737,0
P57772,0
P58107,0
P58546,0
P59998,0
P60174,0
P60228,0
P60842,0
P60866,0
P60891,0
P60900,0
P60981,0
P60983,0
P61020,0
P61026,1
P61081,0
P61088,0
P61106,0
P61160,0
P61201,0
P61221,0
P61224,0
P61225,0
P61247,0
P61289,0
P61313,0
P61326,0
P61457,0
P61513,0
P61619,0
P61626,0
P61758,0
P61769,0
P61803,0
P61923,0
P61960,0
P61966,0
P61978,0
P61981,0
P62081,0
P62136,0
P62191,0
P62195,0
P62241,0
P62244,0
P62249,0
P62256,0
P62266,0
P62269,0
P62306,0
P62308,0
P62314,0
P62316,0
P62318,0
P62330,0
P62333,0
P62424,0
P62495,0
P62714,0
P62750,0
P62753,0
P62805,0
P62807,1
P62826,0
P62829,0
P62841,0
P62847,0
P62851,0
P62854,0
P62857,0
P62879,0
P62888,0
P62899,0
P62906,0
P62917,0
P62942,0
P62993,0
P62995,0
P63010,0
P63104,0
P63151,0
P63173,0
P63220,0
P63241,0
P67809,0
P67936,1
P68036,0
P68371,0
P68871,0
P78330,0
P78344,1
P78347,1
P78371,0
P78417,0
P78527,0
P80188,0
P80303,0
P81605,0
P83111,0
P83436,0
P84085,0
P84098,0
P84103,0
P98082,0
P98095,0
P98160,0
P98179,0
P99999,0
Q00169,0
Q00325,0
Q00341,0
Q00535,0
Q00610,0
Q00653,0
Q00688,0
Q00765,0
Q00839,0
Q01082,0
Q01105,0
Q01130,0
Q01518,0
Q01581,0
Q01813,1
Q01970,0
Q01995,0
Q02153,0
Q02218,0
Q02224,0
Q02338,0
Q02413,0
Q02539,0
Q02750,0
Q02790,0
Q02809,1
Q02818,0
Q02878,0
Q02978,0
Q03001,0
Q03169,0
Q03518,0
Q03519,0
Q04323,0
Q04637,0
Q04760,0
Q04917,0
Q05193,0
Q05209,0
Q05397,0
Q05639,0
Q05682,0
Q05707,0
Q06203,0
Q06210,0
Q06323,0
Q06413,0
Q06830,0
Q07020,0
Q07021,0
Q07666,0
Q07812,0
Q07954,0
Q07955,0
Q07960,0
Q08170,0
Q08209,0
Q08211,0
Q08257,0
Q08378,0
Q08379,0
Q08380,0
Q08J23,0
Q09028,0
Q09161,0
Q09666,0
Q0VDF9,0
Q10471,0
Q10567,1
Q10713,0
Q12765,0
Q12768,0
Q12769,0
Q12792,0
Q12797,0
Q12873,0
Q12874,0
Q12882,0
Q12905,0
Q12906,0
Q12907,0
Q12913,0
Q12931,0
Q12955,0
Q12965,0
Q13011,0
Q13045,0
Q13057,0
Q13126,0
Q13131,0
Q13136,0
Q13148,0
Q13151,0
Q13158,0
Q13162,0
Q13177,0
Q13185,0
Q13200,0
Q13228,0
Q13232,0
Q13263,0
Q13283,0
Q13308,0
Q13310,0
Q13347,0
Q13363,0
Q13395,0
Q13404,0
Q13405,0
Q13409,0
Q13418,0
Q13423,0
Q13425,0
Q13435,0
Q13439,0
Q13442,1
Q13451,0
Q13459,0
Q13464,0
Q13492,0
Q13509,0
Q13510,0
Q13526,0
Q13547,0
Q13557,0
Q13561,0
Q13564,0
Q13576,0
Q13586,0
Q13596,0
Q13616,0
Q13617,0
Q13618,0
Q13619,0
Q13620,0
Q13630,0
Q13636,0
Q13642,0
Q13707,0
Q13724,0
Q13740,0
Q13748,0
Q13765,0
Q13813,0
Q13835,0
Q13838,0
Q13867,0
Q13907,0
Q13938,0
Q13951,0
Q13976,0
Q14008,0
Q14011,0
Q14019,0
Q14103,0
Q14108,0
Q14134,0
Q14139,0
Q14152,0
Q14155,0
Q14157,0
Q14165,0
Q14166,0
Q14194,0
Q14195,0
Q14203,0
Q14204,0
Q14207,0
Q14232,0
Q14240,0
Q14247,0
Q14258,0
Q14435,0
Q14444,0
Q14498,0
Q14517,0
Q14532,0
Q14554,0
Q14566,0
Q14571,0
Q14573,0
Q14624,0
Q14651,0
Q14669,0
Q14677,0
Q14683,0
Q14690,0
Q14696,0
Q14697,0
Q14728,0
Q14738,0
Q14746,0
Q14764,0
Q14789,0
Q14839,0
Q14847,0
Q14919,0
Q14956,1
Q14974,0
Q14980,0
Q14997,0
Q14CX7,0
Q15005,0
Q15006,0
Q15008,0
Q15019,0
Q15020,0
Q15021,0
Q15029,0
Q15042,0
Q15043,0
Q15046,0
Q15052,0
Q15056,0
Q15058,0
Q15063,0
Q15067,0
Q15075,0
Q15084,1
Q15102,0
Q15120,0
Q15149,0
Q15155,0
Q15166,0
Q15181,0
Q15233,0
Q15257,0
Q15276,0
Q15293,0
Q15363,1
Q15365,0
Q15366,0
Q15369,0
Q15382,0
Q15386,0
Q15393,0
Q15404,0
Q15417,0
Q15418,0
Q15427,0
Q15435,0
Q15436,0
Q15437,0
Q15459,0
Q15477,0
Q15582,0
Q15599,0
Q15631,0
Q15642,0
Q15643,0
Q15645,0
Q15691,0
Q15717,0
Q15746,0
Q15785,0
Q15813,0
Q15819,0
Q15833,0
Q15836,0
Q15907,0
Q15942,0
Q16181,0
Q16204,0
Q16222,0
Q16401,0
Q16512,0
Q16527,0
Q16531,0
Q16543,0
Q16555,1
Q16610,0
Q16629,0
Q16630,0
Q16643,0
Q16647,0
Q16650,0
Q16658,1
Q16698,0
Q16706,0
Q16719,1
Q16740,0
Q16762,0
Q16822,0
Q16836,0
Q16850,0
Q16851,1
Q16881,0
Q16890,0
Q16891,0
Q1KMD3,0
Q27J81,0
Q29RF7,0
Q2M389,0
Q32MZ4,0
Q32P28,0
Q3LXA3,0
Q3MHD2,0
Q3SY69,0
Q3ZCQ8,0
Q460N5,0
Q4V328,0
Q52LJ0,0
Q53EL6,0
Q53EP0,0
Q53GQ0,0
Q5D862,0
Q5H9R7,0
Q5JRX3,0
Q5K651,0
Q5SSJ5,0
Q5T011,0
Q5T1M5,0
Q5T4S7,0
Q5TDH0,0
Q5THJ4,0
Q5VIR6,0
Q5VW36,0
Q5VYY1,0
Q63HN8,0
Q659A1,0
Q66K14,0
Q66K74,0
Q68CZ1,0
Q68CZ2,0
Q68E01,0
Q6DD88,0
Q6EMK4,0
Q6FG99,0
Q6FGE5,0
Q6FHL9,0
Q6IAA8,0
Q6IAN0,0
Q6IBG5,0
Q6IBS0,0
Q6IQ26,0
Q6IS14,0
Q6KB66,0
Q6L8Q7,0
Q6NUM9,0
Q6NUQ4,0
Q6NXG1,0
Q6NZI2,0
Q6P179,0
Q6P1A2,0
Q6P1M3,0
Q6P1N0,0
Q6P1X6,0
Q6P2E9,0
Q6P2Q9,0
Q6P587,0
Q6P589,0
Q6P996,0
Q6PCE3,0
Q6PD62,0
Q6PGP7,0
Q6PIU2,0
Q6PKG0,0
Q6UB35,0
Q6UN15,0
Q6UVK1,0
Q6UW68,0
Q6UX71,0
Q6VY07,0
Q6XQN6,0
Q6Y7W6,0
Q6YHK3,0
Q6ZMR3,0
Q709C8,1
Q70CQ2,0
Q70J99,0
Q70UQ0,0
Q7KZ85,0
Q7KZF4,0
Q7KZS0,0
Q7L1Q6,0
Q7L2E3,0
Q7L576,1
Q7L5D6,0
Q7L5N7,0
Q7Z2K6,0
Q7Z2Z2,0
Q7Z3J2,0
Q7Z3U7,0
Q7Z406,0
Q7Z4W1,0
Q7Z6K5,0
Q7Z6Z7,0
Q7Z7H5,0
Q86SF2,0
Q86SG5,0
Q86UE4,0
Q86UP2,0
Q86UV5,0
Q86V81,0
Q86VP6,0
Q86VX2,0
Q86W10,0
Q86W92,0
Q86X76,0
Q86XP3,0
Q86YZ3,0
Q8IUD2,0
Q8IV08,0
Q8IV36,0
Q8IVF2,0
Q8IVG5,0
Q8IVL6,0
Q8IW45,0
Q8IWE2,0
Q8IWN7,0
Q8IWX7,0
Q8IX12,0
Q8IXB1,0
Q8IXJ6,0
Q8IXQ6,0
Q8IY17,0
Q8IYB8,0
Q8IYK4,0
Q8IZ83,0
Q8IZL8,0
Q8N129,0
Q8N163,0
Q8N1F7,0
Q8N1G4,0
Q8N1N4,0
Q8N3U4,0
Q8N5K1,0
Q8N668,0
Q8N684,0
Q8N6H7,0
Q8N766,0
Q8N8A2,0
Q8N983,0
Q8NBJ5,0
Q8NBJ7,0
Q8NBN7,0
Q8NBS9,0
Q8NC51,1
Q8NCA5,0
Q8NCN5,0
Q8NCW5,0
Q8NDA8,0
Q8NE71,0
Q8NEE6,0
Q8NFF5,0
Q8NFT2,0
Q8NFV4,0
Q8NFW8,0
Q8NHH9,0
Q8NI27,0
Q8TAQ2,0
Q8TAT6,0
Q8TBX8,0
Q8TC07,0
Q8TC12,0
Q8TCD5,0
Q8TCJ2,0
Q8TCS8,0
Q8TCT9,1
Q8TD55,0
Q8TDZ2,0
Q8TE56,0
Q8TEM1,0
Q8TEQ6,0
Q8TEX9,0
Q8TF66,0
Q8WTW3,0
Q8WU39,0
Q8WUD1,0
Q8WUM4,0
Q8WVJ2,0
Q8WVM8,0
Q8WVV4,0
Q8WW12,0
Q8WWM7,0
Q8WWP7,0
Q8WX92,0
Q8WX93,0
Q8WXH0,0
Q8WYN9,0
Q8WZ42,0
Q8WZA0,0
Q8WZA9,0
Q92499,0
Q92506,0
Q92520,0
Q92538,0
Q92542,0
Q92544,0
Q92572,0
Q92597,0
Q92598,0
Q92599,0
Q92600,0
Q92614,0
Q92616,0
Q92620,0
Q92621,0
Q92626,0
Q92629,0
Q92688,0
Q92696,0
Q92797,0
Q92820,0
Q92841,0
Q92878,0
Q92882,0
Q92888,0
Q92896,1
Q92900,0
Q92922,0
Q92930,0
Q92945,0
Q92973,0
Q92974,0
Q93008,0
Q93009,0
Q969H8,0
Q969X5,0
Q96A26,0
Q96A33,0
Q96A49,0
Q96A57,0
Q96A65,0
Q96AB3,0
Q96AC1,0
Q96AE4,0
Q96AG4,0
Q96AQ6,0
Q96AY3,0
Q96B97,0
Q96BM9,0
Q96C19,0
Q96C36,0
Q96C86,0
Q96CN7,0
Q96CT7,0
Q96CW1,0
Q96CX2,0
Q96D15,0
Q96DA0,0
Q96DB5,0
Q96DG6,0
Q96EK6,0
Q96EY7,0
Q96FQ6,0
Q96FW1,0
Q96G03,0
Q96GD0,0
Q96GG9,0
Q96GK7,0
Q96GX9,0
Q96H20,0
Q96H79,0
Q96HC4,0
Q96HE7,1
Q96HS1,0
Q96I99,0
Q96IJ6,0
Q96IR1,0
Q96IU4,0
Q96JB2,0
Q96JB5,0
Q96JG6,0
Q96JY6,0
Q96K17,0
Q96K76,0
Q96KA5,0
Q96KP1,0
Q96KP4,0
Q96LD4,0
Q96LJ7,0
Q96M27,0
Q96N66,0
Q96N67,0
Q96P70,0
Q96PP9,0
Q96PZ0,0
Q96Q11,0
Q96QK1,0
Q96QR8,0
Q96RF0,0
Q96RP9,0
Q96S97,0
Q96SB4,0
Q96ST3,0
Q96SY0,0
Q96TA1,0
Q99417,0
Q99426,0
Q99439,1
Q99460,0
Q99471,0
Q99497,0
Q99536,0
Q99598,0
Q99613,0
Q99615,0
Q99622,0
Q99623,0
Q99627,0
Q99661,0
Q99683,0
Q99685,0
Q99707,0
Q99714,0
Q99715,0
Q99729,0
Q99733,0
Q99829,0
Q99832,0
Q99873,0
Q99996,0
Q9BPW8,0
Q9BPX3,0
Q9BPX5,0
Q9BQ61,0
Q9BQE3,0
Q9BQF6,0
Q9BQG0,0
Q9BQS7,0
Q9BR76,0
Q9BRA2,0
Q9BRF8,0
Q9BRG1,0
Q9BRX8,0
Q9BS26,0
Q9BSD7,0
Q9BSJ8,0
Q9BTT0,0
Q9BTW9,0
Q9BTZ2,0
Q9BUF5,0
Q9BUH6,0
Q9BUL8,0
Q9BUN8,0
Q9BUP0,0
Q9BUP3,0
Q9BUT1,0
Q9BV40,0
Q9BVC6,0
Q9BVG4,0
Q9BVJ7,0
Q9BVK6,1
Q9BW60,0
Q9BWD1,0
Q9BWM7,0
Q9BWU0,0
Q9BX68,0
Q9BX70,0
Q9BXJ9,0
Q9BXN1,0
Q9BXP5,0
Q9BXS5,0
Q9BY32,0
Q9BY44,0
Q9BY50,0
Q9BYD6,0
Q9BYT8,0
Q9BZF1,0
Q9BZG1,0
Q9BZJ0,0
Q9BZQ8,0
Q9BZZ5,0
Q9C0C2,0
Q9C0C9,0
Q9C0E2,0
Q9GZL7,0
Q9GZP4,0
Q9GZQ3,0
Q9GZS3,0
Q9GZT3,0
Q9GZZ1,0
Q9H061,0
Q9H078,0
Q9H0A0,0
Q9H0A8,0
Q9H0B6,0
Q9H0D6,0
Q9H0N0,0
Q9H0P0,0
Q9H0Q0,0
Q9H0S4,0
Q9H0U3,0
Q9H0U4,0
Q9H0U6,0
Q9H223,0
Q9H269,0
Q9H299,0
Q9H2G2,0
Q9H2H8,0
Q9H2K8,0
Q9H2M9,0
Q9H2U1,0
Q9H2U2,0
Q9H2W6,0
Q9H361,0
Q9H3P7,0
Q9H3U1,0
Q9H444,0
Q9H4A3,0
Q9H4A4,0
Q9H4A6,0
Q9H4G4,0
Q9H4M9,0
Q9H6T0,0
Q9H773,0
Q9H7C9,0
Q9H7Z7,0
Q9H845,0
Q9H8H3,0
Q9H8Y8,0
Q9H910,0
Q9H9A6,0
Q9H9E3,0
Q9H9H4,0
Q9HA64,0
Q9HAB8,0
Q9HAV4,0
Q9HAV7,0
Q9HB71,0
Q9HC07,0
Q9HC35,1
Q9HC38,0
Q9HC84,0
Q9HCE1,0
Q9HCM1,0
Q9HCY8,0
Q9HD15,0
Q9HD20,0
Q9HD33,0
Q9HDC9,0
Q9NP55,0
Q9NP72,1
Q9NP81,0
Q9NPB8,0
Q9NPH2,0
Q9NPJ3,0
Q9NPQ8,0
Q9NQ88,0
Q9NQC3,1
Q9NQP4,0
Q9NQR4,0
Q9NQT8,0
Q9NQW7,0
Q9NR09,0
Q9NR12,0
Q9NR28,0
Q9NR30,0
Q9NR31,0
Q9NR45,0
Q9NRW1,0
Q9NRW3,0
Q9NRY4,0
Q9NS69,0
Q9NSD9,0
Q9NSE4,0
Q9NTI5,0
Q9NTJ3,0
Q9NTJ5,0
Q9NTK5,0
Q9NTX5,0
Q9NTZ6,0
Q9NU22,0
Q9NUJ1,0
Q9NUQ9,0
Q9NVA2,0
Q9NVD7,0
Q9NVS9,0
Q9NWU5,0
Q9NX08,0
Q9NX55,0
Q9NX63,0
Q9NXS2,0
Q9NY33,0
Q9NYU1,0
Q9NYU2,0
Q9NZ01,1
Q9NZ08,0
Q9NZB2,0
Q9NZD2,0
Q9NZL4,0
Q9NZM1,0
Q9NZN4,0
Q9NZT1,1
Q9NZT2,0
Q9NZU5,0
Q9P000,0
Q9P035,0
Q9P0J0,0
Q9P0K7,0
Q9P0L0,0
Q9P258,0
Q9P299,0
Q9P2B2,0
Q9P2E9,0
Q9P2J5,0
Q9P2R3,0
Q9UBB6,0
Q9UBC5,0
Q9UBE0,0
Q9UBG0,0
Q9UBG3,0
Q9UBI1,0
Q9UBI6,0
Q9UBQ0,0
Q9UBQ5,0
Q9UBQ7,0
Q9UBR2,0
Q9UBS4,0
Q9UBT2,0
Q9UBU9,0
Q9UBV2,0
Q9UBV8,0
Q9UBW8,0
Q9UDY2,0
Q9UG63,0
Q9UGI8,0
Q9UGP8,0
Q9UGT4,0
Q9UH65,0
Q9UHA4,0
Q9UHB9,0
Q9UHD8,0
Q9UHD9,0
Q9UHG3,0
Q9UHL4,0
Q9UHV9,0
Q9UHX1,0
Q9UHY1,0
Q9UHY7,0
Q9UI10,0
Q9UI12,0
Q9UI30,0
Q9UIA9,0
Q9UID3,0
Q9UIJ7,0
Q9UIQ6,0
Q9UJ70,0
Q9UJS0,1
Q9UJU6,0
Q9UJZ1,0
Q9UK41,0
Q9UKK3,0
Q9UKK9,0
Q9UKM7,0
Q9UKM9,0
Q9UKU7,0
Q9UL25,0
Q9UL26,0
Q9ULA0,0
Q9ULC4,0
Q9ULH1,0
Q9ULK4,0
Q9ULV4,0
Q9ULZ3,0
Q9UM00,0
Q9UM54,0
Q9UMR2,0
Q9UMS4,0
Q9UMX0,0
Q9UMX5,0
Q9UMY4,0
Q9UN86,0
Q9UNE7,0
Q9UNF0,0
Q9UNH7,0
Q9UNM6,0
Q9UNN5,0
Q9UNQ2,0
Q9UNX3,0
Q9UNZ2,0
Q9UP83,0
Q9UPN3,0
Q9UPU5,0
Q9UQ80,0
Q9UQE7,0
Q9Y223,0
Q9Y230,0
Q9Y262,0
Q9Y263,0
Q9Y265,0
Q9Y266,0
Q9Y277,0
Q9Y285,0
Q9Y295,0
Q9Y296,0
Q9Y2A7,0
Q9Y2J2,0
Q9Y2J8,1
Q9Y2L1,0
Q9Y2Q3,0
Q9Y2Q5,0
Q9Y2Q9,0
Q9Y2S2,0
Q9Y2T2,0
Q9Y2V2,0
Q9Y2V7,0
Q9Y2W1,0
Q9Y2Z0,0
Q9Y2Z4,0
Q9Y305,0
Q9Y315,0
Q9Y316,0
Q9Y333,0
Q9Y371,0
Q9Y3A5,0
Q9Y3A6,0
Q9Y3B7,0
Q9Y3C6,0
Q9Y3D6,0
Q9Y3D7,0
Q9Y3D9,0
Q9Y3E0,0
Q9Y3E5,0
Q9Y3F4,0
Q9Y3I0,0
Q9Y3L3,0
Q9Y3Q3,0
Q9Y3U8,0
Q9Y3Z3,0
Q9Y490,0
Q9Y4A5,0
Q9Y4G6,0
Q9Y4K1,0
Q9Y4L1,0
Q9Y4Z0,0
Q9Y547,0
Q9Y5B9,0
Q9Y5M8,0
Q9Y5S9,0
Q9Y5X1,0
Q9Y5X2,0
Q9Y5Y2,0
Q9Y5Z4,0
Q9Y606,0
Q9Y613,0
Q9Y617,0
Q9Y666,0
Q9Y678,0
Q9Y696,0
Q9Y6A4,0
Q9Y6B6,0
Q9Y6C9,0
Q9Y6D6,0
Q9Y6E0,0
Q9Y6G5,0
Q9Y6K5,0
Q9Y6N5,0
Q9Y6Q1,0
Q9Y6Y8,0
